{"properties": [
  {
    "name": "app.template.pdf.path",
    "type": "java.lang.String",
    "description": "A description for 'app.template.pdf.path'"
  },
  {
    "name": "app.template.pdf.output-path",
    "type": "java.lang.String",
    "description": "A description for 'app.template.pdf.output-path'"
  },
  {
    "name": "app.template.pdf.coords",
    "type": "java.lang.String",
    "description": "A description for 'app.template.pdf.coords'"
  },
  {
    "name": "app.template.pdf.fonts.path",
    "type": "java.lang.String",
    "description": "A description for 'app.template.pdf.fonts.path'"
  }
]}