{
  "date": { "x": 100, "y": 700, "fontSize": 12 },
  "weather": { "x": 200, "y": 700, "fontSize": 12 },
  "temperature": { "x": 300, "y": 700, "fontSize": 12 },
  "team": { "x": 400, "y": 700, "fontSize": 12 },
  "event": [
        { "x": 100, "y": 600, "fontSize": 12 }, 
        { "x": 200, "y": 600, "fontSize": 12 },
        { "x": 300, "y": 600, "fontSize": 12 }
    ],
  "section": { "x": 100, "y": 500, "fontSize": 12 },
  "carNo": [
        { "x": 100, "y": 550, "fontSize": 12 }, 
        { "x": 200, "y": 550, "fontSize": 12 },
        { "x": 300, "y": 550, "fontSize": 12 }
    ],
  "memo": { "x": 100, "y": 400, "fontSize": 12 }
}