{
  "date": { "x": 100, "y": 720, "fontSize": 12 },
  "weather": { "x": 100, "y": 700, "fontSize": 12 },
  "temperature": { "x": 100, "y": 680, "fontSize": 12 },
  "team": { "x": 100, "y": 680, "fontSize": 12 },
  "event": [
        { "x": 120, "y": 230, "fontSize": 12 }, 
        { "x": 320, "y": 230, "fontSize": 12 },
        { "x": 120, "y": 260, "fontSize": 12 }
    ],
  "section": { "x": 100, "y": 680, "fontSize": 12 },
  "carNo": [
        { "x": 120, "y": 230, "fontSize": 12 }, 
        { "x": 320, "y": 230, "fontSize": 12 },
        { "x": 120, "y": 260, "fontSize": 12 }
    ],
  "memo": { "x": 100, "y": 680, "fontSize": 12 }
}